{"cameraMode":{"drawMode":0,"name":"Shaded","section":"Shading Mode"},"sceneLighting":true,"audioPlay":false,"sceneViewState":{"m_AlwaysRefresh":false,"showFog":true,"showSkybox":true,"showFlares":true,"showImageEffects":true,"showParticleSystems":true,"showVisualEffectGraphs":true,"m_FxEnabled":true},"in2DMode":false,"pivot":{"x":1.3050000667572022,"y":0.6899999976158142,"z":-13.895000457763672},"rotation":{"x":0.0778958797454834,"y":-0.02482055127620697,"z":0.001939248526468873,"w":0.9966455698013306},"size":6.557071208953857,"orthographic":true}