{"cameraMode":{"drawMode":0,"name":"Shaded","section":"Shading Mode"},"sceneLighting":true,"audioPlay":false,"sceneViewState":{"m_AlwaysRefresh":false,"showFog":true,"showSkybox":true,"showFlares":true,"showImageEffects":true,"showParticleSystems":true,"showVisualEffectGraphs":true,"m_FxEnabled":true},"in2DMode":false,"pivot":{"x":1.3050000667572022,"y":0.6899999976158142,"z":-13.895000457763672},"rotation":{"x":0.007424689829349518,"y":-0.7070637345314026,"z":0.007423526607453823,"w":0.7070629000663757},"size":11.674370765686036,"orthographic":true}