{"cameraMode":{"drawMode":0,"name":"Shaded","section":"Shading Mode"},"sceneLighting":false,"audioPlay":false,"sceneViewState":{"m_AlwaysRefresh":false,"showFog":true,"showSkybox":false,"showFlares":true,"showImageEffects":true,"showParticleSystems":true,"showVisualEffectGraphs":true,"m_FxEnabled":true},"in2DMode":false,"pivot":{"x":0.031523048877716067,"y":-0.11315485835075379,"z":0.07577180862426758},"rotation":{"x":0.039246801286935809,"y":-0.5352587699890137,"z":0.024907587096095086,"w":0.8434091210365295},"size":0.34330135583877566,"orthographic":false}